company_name,website,slug
"Fratco","https://fratco.com","fratco"
"Aquatic Leisure Technologies","https://aquatechs.com","aquatic-leisure-technologies"
"SmartWiz","https://smartwiz.com","smartwiz"
"Pilgrims","https://pilgrims.com","pilgrims"
"Performance Drone Works","https://performancedroneworks.com","performance-drone-works"
"Envision Cold Storage","https://envisioncold.com","envision-cold-storage"
"Butting USA","https://butting.com","butting-usa"
"Bad Boy Mowers","https://badboycountry.com","bad-boy-mowers"
"Meta/Dotier","https://meta.com","meta-dotier"
"Core Scientific","https://corescientific.com","core-scientific"
"DAS North America","https://das-na.com","das-north-america"
"Hwashin America","https://hwashin.co.kr","hwashin-america"
"Alabama State Port Authority","https://asdd.com","alabama-state-port-authority"
"Owens Corning Corporation Prattville","https://owenscorning.com","owens-corning-corporation-prattville"
"Maximus Meats Summerdale","https://maximusmeats.com","maximus-meats-summerdale"
"Butting USA Inc. Loxley","https://butting.com","butting-usa-inc-loxley"
"Wayne-Sanderson Farms Union Springs","https://sandersonfarms.com","wayne-sanderson-farms-union-springs"
"Phoenix Building Solutions Greenville","https://phoenixbuildingsolutions.com","phoenix-building-solutions-greenville"
"Hwashin America Corporation Greenville","https://hwashin.co.kr","hwashin-america-corporation-greenville"
"Interstate Sheet Metal Anniston","https://meta.com","interstate-sheet-metal-anniston"
"AMZ Alabama Inc. Anniston","https://rheinmetall.com","amz-alabama-inc-anniston"
"Amazon Oxford","https://amazon.com","amazon-oxford"
"Kronospan Oxford","https://kronospan.com","kronospan-oxford"
"Bryant Machine Jacksonville","https://bryantmachine.com","bryant-machine-jacksonville"
"StrideBio","https://stridebio.com","stridebio"
"Tyson Garden City","https://tysonfoods.com","tyson-garden-city"
"JOON LLC (AJIN USA) Cusseta","https://ajinusa.com","joon-llc-ajin-usa-cusseta"
"Taysha Gene Therapies","https://tayshagtx.com","taysha-gene-therapies"
"Hello Chonky Cookie Enterprise","https://hellochonkycookie.com","hello-chonky-cookie-enterprise"
"Constellium Muscle Shoals","https://constellium.com","constellium-muscle-shoals"
"Aqua Technics (aka Aquatic Leisure) Opp","https://aquatechs.com","aqua-technics-aka-aquatic-leisure-opp"
"Louisiana Pacific Cullman","https://lpcorp.com","louisiana-pacific-cullman"
"SRM Concrete Cullman","https://srmconcrete.com","srm-concrete-cullman"
"North Alabama Fabricating Company Cullman","https://nafco.com","north-alabama-fabricating-company-cullman"
"Cobra Metal Cullman","https://meta.com","cobra-metal-cullman"
"Sovereign American Industries LLC Rainsville","https://sovereignamerican.com","sovereign-american-industries-llc-rainsville"
"Nucor Vulcraft Group Fort Payne","https://vulcraft.com","nucor-vulcraft-group-fort-payne"
"Choice Fabricators Rainbow City","https://choicefab.com","choice-fabricators-rainbow-city"
"Pilgrims Russellville","https://pilgrims.com","pilgrims-russellville"
"Franklin Manufacturing Inc. Russellville","https://franklinmfg.com","franklin-manufacturing-inc-russellville"
"G&G Steel Inc. Russellville","https://ggsteel.com","g-g-steel-inc-russellville"
"Andelyn Biosciences","https://andelynbio.com","andelyn-biosciences"
"Advance Displays Inc. Scottsboro","https://advancedisplays.com","advance-displays-inc-scottsboro"
"Venture Milk LLC Cowarts","https://venturemilk.com","venture-milk-llc-cowarts"
"Stinson Breads LLC Opelika","https://stinsonbreads.com","stinson-breads-llc-opelika"
"Qualico Webb","https://qualico.us","qualico-webb"
"Toyota Tsusho","https://toyota.com","toyota-tsusho"
"U.S. Steel Corporation Fairfield","https://ussteel.com","u-s-steel-corporation-fairfield"
"Weelth Inc./TaxxWiz","https://weelth.com","weelth-inc-taxxwiz"
"Hybird Space Systems","https://hybirdspace.com","hybird-space-systems"
"Oak Bowery Spirits LLC Opelika","https://oakboweryspirits.com","oak-bowery-spirits-llc-opelika"
"SCA Inc.","https://essity.com","sca-inc"
"Plasma Processes","https://plasmapros.com","plasma-processes"
"HL Mando America Corporation Opelika","https://hlmando.com","hl-mando-america-corporation-opelika"
"AGS America Inc. Opelika","https://ags-america.com","ags-america-inc-opelika"
"Korea Fuel Tech America Inc.","https://kftec.co.kr","korea-fuel-tech-america-inc"
"SEUNGWON USA Inc. Opelika","https://seungwon.co.kr","seungwon-usa-inc-opelika"
"Primo","https://primogrill.com","primo"
"Exalta (formally Intech/Turner Medical) Athens","https://exalta.com","exalta-formally-intech-turner-medical-athens"
"Daikyo Nishikawa USA Inc.","https://daikyonishikawa.co.jp","daikyo-nishikawa-usa-inc"
"A&G Holdings LLC Arab","https://agholdings.com","a-g-holdings-llc-arab"
"Evonik Theodore","https://evonik.com","evonik-theodore"
"SSAB Axis","https://ssab.com","ssab-axis"
"Master Boat Builders Inc. Coden","https://masterboatbuilders.com","master-boat-builders-inc-coden"
"Gulf Distributing","https://gulfdist.com","gulf-distributing"
"Guyoungtech USA Inc.","https://guyoungtech.com","guyoungtech-usa-inc"
"Delta Star","deltastar.com","delta-star"
"Hartzell Engine Technologies","https://hartzell.aero","hartzell-engine-technologies"
"AAA USA","https://aaa-usa.com","aaa-usa"
"Wolverine Industries","https://wolverineindustries.com","wolverine-industries"
"OCI Alabama LLC","https://oci-global.com","oci-alabama-llc"
"J.M. Smucker Co.","https://jmsmucker.com","j-m-smucker-co"
"Alabama River Cellulose (Georgia Pacific) Monroeville","https://gp.com","alabama-river-cellulose-georgia-pacific-monroeville"
"NVH Georgia LLC Phenix City","https://nvhgeorgia.com","nvh-georgia-llc-phenix-city"
"SoGo Packaging LLC","https://sogopackaging.com","sogo-packaging-llc"
"Bad Boy Mowers Monroeville","https://badboycountry.com","bad-boy-mowers-monroeville"
"Webster Fulfillment Monroeville","https://websterfulfillment.com","webster-fulfillment-monroeville"
"Browder Veneer Works Inc.","https://browderveneer.com","browder-veneer-works-inc"
"Ju-Young Manufacturing America Inc.","https://juyoung.co.kr","ju-young-manufacturing-america-inc"
"CIRG Industries","https://cirgindustries.com","cirg-industries"
"Dotier LLC (Meta)","https://meta.com","dotier-llc-meta"
"M&J Industries","https://mjind.com","m-j-industries"
"Pro-Fab Machine of Hartselle Hartselle","https://profabmachine.com","pro-fab-machine-of-hartselle-hartselle"
"Lear Corporation","https://lear.com","lear-corporation"
"Kite Pharma (Gilead)","https://kitepharma.com","kite-pharma-gilead"
"Jasper Lumber Company LLC Jasper","https://jasperlumber.com","jasper-lumber-company-llc-jasper"
"Buckner Trailers Springville","https://bucknertrailers.com","buckner-trailers-springville"
"Cooper Marine Inc. Calvert","https://coopermarine.com","cooper-marine-inc-calvert"
"TSA LLC Tuskegee Macon","https://tsallc.com","tsa-llc-tuskegee-macon"
"JW Holdings Dadeville","https://jwholdings.com","jw-holdings-dadeville"
"Jones Machine & Welding Oakman","https://jonesmachinewelding.com","jones-machine-welding-oakman"
"SCA Inc. Auburn Lee","https://essity.com","sca-inc-auburn-lee"
"J.M. Smucker Co. Decatur Morgan","https://jmsmucker.com","j-m-smucker-co-decatur-morgan"
"Eli Lilly Huntsville Limestone","https://lilly.com","eli-lilly-huntsville-limestone"
"AAA USA Mobile","https://aaa-usa.com","aaa-usa-mobile"
"Primo Mobile","https://primogrill.com","primo-mobile"
"Daikin America Decatur Morgan","https://daikin.com","daikin-america-decatur-morgan"
"OCI Alabama LLC Decatur Morgan","https://oci-global.com","oci-alabama-llc-decatur-morgan"
"Amazon Oxford Calhoun","https://amazon.com","amazon-oxford-calhoun"
"APM Terminals Mobile","https://apmterminals.com","apm-terminals-mobile"
"M&J Industries Decatur Morgan","https://mjind.com","m-j-industries-decatur-morgan"
"Qualico Webb Houston","https://qualico.us","qualico-webb-houston"
"GE Aerospace Auburn Lee","https://geaerospace.com","ge-aerospace-auburn-lee"
"Kimberly-Clark Mobile","https://kimberly-clark.com","kimberly-clark-mobile"
"Toyota Tsusho Huntsville Limestone","https://toyota-tsusho.com","toyota-tsusho-huntsville-limestone"
"Core Scientific Auburn Lee","https://corescientific.com","core-scientific-auburn-lee"
"SmartWiz Birmingham Jefferson","https://smartwiz.com","smartwiz-birmingham-jefferson"
"Dotier LLC (Meta) Montgomery","https://meta.com","dotier-llc-meta-montgomery"
"Gifthealth","https://gifthealth.com","gifthealth"
"KPPC Advanced Chemicals","https://kppc.com","kppc-advanced-chemicals"
"AbbVie","https://abbvie.com","abbvie"
"Packaging Specialties","https://packagingspecialties.com","packaging-specialties"
"Otto Aerospace","https://ottoaviation.com","otto-aerospace"
"Preciball USA","https://preciball.com","preciball-usa"
"BioTouch","https://biotouch.com","biotouch"
"Underwood Ammo","https://underwoodammo.com","underwood-ammo"
"Salesforce","https://salesforce.com","salesforce"
"Archer Aviation","https://archer.com","archer-aviation"
"AVAIO Digital Partners","https://avaio.com","avaio-digital-partners"
"SPP","https://spp.org","spp"
"R2S","https://r2s.com","r2s"
"Project Ladybug (Hypersonics)","https://ursamajor.space","project-ladybug-hypersonics"
"D-Wave Quantum","https://d-wave.com","d-wave-quantum"
"Dongwon Autopart Technology","https://dwat.co.kr","dongwon-autopart-technology"
"Grupo Vialume","https://vialume.com","grupo-vialume"
"Cronus Chemicals","https://cronuschemicals.com","cronus-chemicals"
"Caldwell Group","https://caldwellinc.com","caldwell-group"
"Steves & Sons","https://eveairmobility.com","steves-sons"
"John Deere","https://deere.com","john-deere"
"Panasonic","na.panasonic.com/us/energy","panasonic"
"SLB","https://slb.com","slb"
"Saronic Technologies","https://saronic.com","saronic-technologies"
"Prysmian/Encore Wire","prysmian.com","prysmian-encore-wire"
"Ampirical","https://ampirical.com","ampirical"
"GE Appliances","https://geappliances.com","ge-appliances"
"Sioux Honey","https://siouxhoney.com","sioux-honey"
"Shinsung ST USA","https://shinsungst.com","shinsung-st-usa"
"HF Rubber","https://hfrubber.com","hf-rubber"
"Morrison Weighing Systems","https://morrisonweighing.com","morrison-weighing-systems"
"GM Fairfax","https://gm.com","gm-fairfax"
"Robinson Inc","https://robinsoncompany.com","robinson-inc"
"Three Dog Brands","https://threedogbrands.com","three-dog-brands"
"MP Materials","https://mpmaterials.com/","mp-materials"
"AstraZeneca","https://astrazeneca.com","astrazeneca"
"DuPont/DDP","https://dupont.com","dupont-ddp"
"xAI","https://x.ai","xai"
"Canfor","https://canfor.com","canfor"
"Hut 8","https://hut8.com","hut-8"
"BWC Terminals","https://bwcterminals.com","bwc-terminals"
"MD Manufacturing 4.0","https://mdmanufacturing.com","md-manufacturing-4-0"
"Samsung Biologics","https://samsung.com","samsung-biologics"
"Environmental Air Systems","https://environmentalairsystems.com","environmental-air-systems"
"Switch","https://switch.com","switch"
"Toyota","https://toyota.com","toyota"
"SRC Technologies","https://srctec.com","src-technologies"
"Bozeman Photonics","https://bozemanphotonics.com","bozeman-photonics"
"CMP Advanced Mechanical Solutions","https://cmpams.com","cmp-advanced-mechanical-solutions"
"Eco King Solutions (Kingsun)","https://kingsun.com","eco-king-solutions-kingsun"
"Toshiba Energy","toshiba-energy.com","toshiba-energy"
"Sheetz","https://sheetz.com","sheetz"
"Maersk","https://maersk.com","maersk"
"FIT Precast","https://fitprecast.com","fit-precast"
"BJ's Wholesale Club","https://bjs.com","bj-s-wholesale-club"
"MRI Software","https://mrisoftware.com","mri-software"
"GEALAN","https://gealan.de","gealan"
"SencorpWhite","https://sencorpwhite.com","sencorpwhite"
"Novartis Gene Therapies","https://novartis.com","novartis-gene-therapies"
"AWS","https://aws.amazon.com","aws"
"Vultr","https://vultr.com","vultr"
"Whirlpool","https://whirlpool.com","whirlpool"
"Honda/LG Battery","https://honda.com","honda-lg-battery"
"Nestlé Purina","https://purina.com","nestl-purina"
"Smucker's","https://jmsmucker.com","smucker-s"
"New Horizons Baking","https://newhorizonsbaking.com","new-horizons-baking"
"Diversified Fall Protection","https://fallpd.com","diversified-fall-protection"
"Gabe's","https://gabesdiscount.com","gabe-s"
"Oculii","https://oculii.com","oculii"
"Supply Technologies","https://supplytech.com","supply-technologies"
"Lubrizol","https://lubrizol.com","lubrizol"
"Revere Plastics Systems","https://eveairmobility.com","revere-plastics-systems"
"La Linea Verde","https://lalineaverde.it","la-linea-verde"
"Joby Aviation (propeller blades)","https://jobyaviation.com","joby-aviation-propeller-blades"
"(Data center development)","https://eveairmobility.com","data-center-development"
"SkyWater Technology","skywatertechnology.com","skywater-technology"
"Kulicke & Soffa","kns.com","kulicke-soffa"
"STMicroelectronics","st.com","stmicroelectronics"
"Amkor Technology","amkor.com","amkor-technology"
"Encore Technologies","https://encoretg.com","encore-technologies"
"Becker Mining","https://bfrg.com","becker-mining"
"ATSG/AMES","https://atsginc.com","atsg-ames"
"DartPoints","https://dartpoints.com","dartpoints"
"Google","https://google.com","google"
"Quonset Business Park","https://quonset.com","quonset-business-park"
"Coastal Precast Systems","https://coastalprecast.com","coastal-precast-systems"
"U.S. Bridge","https://usbridge.com","u-s-bridge"
"Hydrite Chemical","https://hydrite.com","hydrite-chemical"
"Woodward","https://woodward.com","woodward"
"Mecad USA","https://mecad.com","mecad-usa"
"Span-America Medical","https://spanamerica.com","span-america-medical"
"Aran USA","https://aran.ie","aran-usa"
"Huwell US","https://huwell.com","huwell-us"
"JGB Brothers","https://jgbbrothers.com","jgb-brothers"
"Coastal Ready Mix","https://coastalreadymix.com","coastal-ready-mix"
"Samsung","https://samsung.com","samsung"
"Radiant","radiantnuclear.com","radiant"
"Embraer","https://embraer.com","embraer"
"Cascades Holding US Inc.","https://cascades.com","cascades-holding-us-inc"
"SPC Group","https://spcgroup.co.kr","spc-group"
"MGM/VanTran Transformers","https://gm.com","mgm-vantran-transformers"
"L&T Technology","https://ltts.com","l-t-technology"
"PEGATRON","https://pegatron.com","pegatron"
"Yerico Manufacturing","https://yerico.com","yerico-manufacturing"
"Furlani Foods, LLC","https://furlani.com","furlani-foods-llc"
"Ohio Gratings","https://ohiogratings.com","ohio-gratings"
"Associated Milk Producers, Inc.","https://oci-global.com","associated-milk-producers-inc"
"Meta House Inc.","https://meta.com","meta-house-inc"
"DB HiTek","dbhitek.com","db-hitek"
"WEG Transformers USA","weg.us","weg-transformers-usa"
"Niagara Power Transformer","niagarapowertransformer.com","niagara-power-transformer"
"Teradyne","teradyne.com","teradyne"
"d-Matrix","d-matrix.ai","d-matrix"
"bluebird bio","https://bluebirdbio.com","bluebird-bio"
"U.S. Space Command","https://spacecom.mil","u-s-space-command"
"Titomic USA Inc.","https://titomic.com","titomic-usa-inc"
"U.S. Steel","https://ussteel.com","u-s-steel"
"Green Health Laboratories Foley","https://greenhealthlabs.com","green-health-laboratories-foley"
"Kobay Enstal Oxford","https://ford.com","kobay-enstal-oxford"
"Changer & Dresser Anniston","https://changerdresser.com","changer-dresser-anniston"
"Corrugated Supplies Corporation Cullman","https://corrubox.com","corrugated-supplies-corporation-cullman"
"Perdido River Farms/Poarch Band of Creek Indians Atmore","https://pfrfarms.com","perdido-river-farms-poarch-band-of-creek-indians-atmore"
"Oldcastle Lawn & Garden Abbeville","https://abb.com","oldcastle-lawn-garden-abbeville"
"ArcelorMittal Calvert","https://arcelormittal.com","arcelormittal-calvert"
"Vaughn Industries","https://vaughnindustries.com","vaughn-industries"
"PRC-Saltillo","https://prc-saltillo.com","prc-saltillo"
"Logan Machine Works Phenix City","https://loganmachineworks.com","logan-machine-works-phenix-city"
"Nat 20 Scientific LLC Buhl","https://nat20scientific.com","nat-20-scientific-llc-buhl"
"Nelson Brothers LLC Parrish Walker","https://nelsonbros.com","nelson-brothers-llc-parrish-walker"
"InnovAsian","https://innovasiancuisine.com","innovasian"
"GE Aerospace Huntsville Limestone","https://geaerospace.com","ge-aerospace-huntsville-limestone"
"Pacific Life Insurance","https://pacificlife.com","pacific-life-insurance"
"Resilience","https://resilience.com","resilience"
"Virginia Transformer","https://vatransformer.com","virginia-transformer"
"GF Casting Solutions","https://gf.com","gf-casting-solutions"
"Roche Diagnostics","https://roche.com","roche-diagnostics"
"Louisiana-Pacific","https://lpcorp.com","louisiana-pacific"
"Dutch Bros","https://dutchbros.com","dutch-bros"
"Merck","https://merck.com","merck"
"Johns Manville Phenix City","https://jm.com","johns-manville-phenix-city"
"Scotiabank","https://scotiabank.com","scotiabank"
"Ninth Avenue Foods","https://ninthavefoods.com","ninth-avenue-foods"
"Veeco Instruments","veeco.com","veeco-instruments"
"MacLean Power Systems","macleanpower.com","maclean-power-systems"
"QuaLex Manufacturing","https://qualexmfg.com","qualex-manufacturing"
"Siemens Energy Gas","siemens-energy.com","siemens-energy-gas"
"Georg Utz","https://utzgroup.com","georg-utz"
"Ironline Metals","https://meta.com","ironline-metals"
"NanoAvionics","https://nanoavionics.com","nanoavionics"
"First Quality","https://firstquality.com","first-quality"
"Eurofins Lancaster Labs","https://eurofins.com","eurofins-lancaster-labs"
"Isuzu North America","https://isuzucv.com","isuzu-north-america"
"Iovance Biotherapeutics","https://iovance.com","iovance-biotherapeutics"
"Doncasters Oxford","https://ford.com","doncasters-oxford"
"Shinko Electric Industries","shinko.co.jp","shinko-electric-industries"
"Attabotics","attabotics.com","attabotics"
"Yaskawa Electric","yaskawa.co.jp","yaskawa-electric"
"Alfa Insurance Montgomery","https://alfainsurance.com","alfa-insurance-montgomery"
"CIRG Industries Montgomery","https://cirgindustries.com","cirg-industries-montgomery"
"Lightsource BP Montgomery","https://lightsourcebp.com","lightsource-bp-montgomery"
"Safe Industries","https://safeindustries.com","safe-industries"
"Atara Biotherapeutics","https://atarabio.com","atara-biotherapeutics"
"Ardentec","ardentec.com","ardentec"
"Edgar's Old Style Bakery Pelham","https://edgarsbakery.com","edgar-s-old-style-bakery-pelham"
"Rehlko (Kohler Energy)","rehlko.com","rehlko-kohler-energy"
"Prystup Packaging Products Livingston","https://prystup.com","prystup-packaging-products-livingston"
"Samkwang","https://samkwang.co.kr","samkwang"
"Rolls-Royce","https://rolls-royce.com","rolls-royce"
"Ansaldo Energia","ansaldoenergia.com","ansaldo-energia"
"Autolus Therapeutics","https://autolus.com","autolus-therapeutics"
"Microchip Technology","microchip.com","microchip-technology"
"Vishay Intertechnology","vishay.com","vishay-intertechnology"
"Yamaha Motor Corporation USA Bridgeport","https://yamahamotorsports.com","yamaha-motor-corporation-usa-bridgeport"
"Briggs & Stratton LLC","https://briggsandstratton.com","briggs-stratton-llc"
"James Composites","https://jamescomposites.com","james-composites"
"Tokyo Electron","tok.co.jp","tokyo-electron"
"Nanya Technology","nanya.com","nanya-technology"
"Honeybee Robotics","https://honeybeerobotics.com","honeybee-robotics"
"Toppan / Tekscend Photomask","holdings.toppan.com","toppan-tekscend-photomask"
"Komatsu","https://komatsu.com","komatsu"
"Joby Aviation (2nd facility)","https://jobyaviation.com","joby-aviation-2nd-facility"
"Wieland Chase","https://wieland.com","wieland-chase"
"Gracell Biotechnologies (AstraZeneca)","https://gracellbio.com","gracell-biotechnologies-astrazeneca"
"Viking Attachments","https://vikingattachments.com","viking-attachments"
"Novartis Cell Therapy","https://novartis.com","novartis-cell-therapy"
"Nestle Purina","https://purina.com","nestle-purina"
"MGC Pure Chemicals","https://mgc.co.jp","mgc-pure-chemicals"
"Tesla Energy","https://www.tesla.com/megapack","tesla-energy"
"Arcellx","https://arcellx.com","arcellx"
"Camtek","camtek.com","camtek"
"CALB","calb.tech","calb"
"OMCO Solar","omcoracking.com","omco-solar"
"BD (Becton Dickinson)","https://bd.com","bd-becton-dickinson"
"EPC-Columbia","https://epccompanies.com","epc-columbia"
"Vermeer Corp","https://vermeer.com","vermeer-corp"
"Bridor USA","https://bridor.com","bridor-usa"
"Microbial Discovery Group","https://microbialdg.com","microbial-discovery-group"
"KADIA USA","https://kadia.de","kadia-usa"
"Vermilion Madison Development LLC","https://eveairmobility.com","vermilion-madison-development-llc"
"Kokusai Electric","kokusai-electric.com","kokusai-electric"
"Substrate","substrate.com","substrate"
"Shinkawa (Yamaha)","yamaha-robotics.com/shinkawa","shinkawa-yamaha"
"EVE Energy","evebattery.com","eve-energy"
"DNP (Dai Nippon Printing)","global.dnp","dnp-dai-nippon-printing"
"Sonnen","sonnen.com","sonnen"
"CITEL America","https://citel.us","citel-america"
"NVIDIA","nvidia.com","nvidia"
"Swinburne University of Technology (Space)","swinburne.edu.au","swinburne-university-of-technology-space"
"Powell Industries","powellind.com","powell-industries"
"II-VI Aerospace & Defense","https://www.coherent.com/","ii-vi-aerospace-defense"
"Enerpac Tool Group, Corp.","https://enerpac.com","enerpac-tool-group-corp"
"ON Semiconductor","onsemi.com","on-semiconductor"
"Entegris","cmcmaterials.com","entegris"
"Marvell Technology","marvell.com","marvell-technology"
"X-energy","x-energy.com","x-energy"
"Nuward (EDF)","nuward.eu","nuward-edf"
"Pacific Manufacturing","https://pacmfg.com","pacific-manufacturing"
"SK Hynix","skhynix.com","sk-hynix"
"Siemens Energy","siemens-energy.com","siemens-energy"
"Brooks Automation","brooks.com","brooks-automation"
"Howard Industries","howard-ind.com","howard-industries"
"FirstElement Fuel","firstelementfuel.com","firstelement-fuel"
"Tesla","https://www.tesla.com/megapack","tesla"
"Trener Robotics","trenerrobotics.com","trener-robotics"
"Allonic","allonic.com","allonic"
"Grand River Aseptic Manufacturing","grandriveraseptic.com","grand-river-aseptic-manufacturing"
"Mitsubishi Electric","https://mitsubishielectric.com","mitsubishi-electric"
"Fenner Precision Polymers","https://fennerprecision.com","fenner-precision-polymers"
"LEENO Industrial","leeno.com","leeno-industrial"
"Linde","linde.com","linde"
"Eugene Technology","eugenetech.co.kr","eugene-technology"
"WiJo Pouches NA","https://wijopouches.com","wijo-pouches-na"
"Hanwha Aerospace","https://www.hanwhaaerospace.com","hanwha-aerospace"
"SCREEN Semiconductor Solutions","screen.co.jp","screen-semiconductor-solutions"
"SUMCO","sumco.com","sumco"
"Powertech Technology (PTI)","pti.com.tw","powertech-technology-pti"
"Wooptix","wooptix.com","wooptix"
"MemryX","memryx.com","memryx"
"Rebellions","rebellions.ai","rebellions"
"Vertiv","vertiv.com","vertiv"
"L3Harris Technologies","https://www.l3harris.com/","l3harris-technologies"
"Lucy Electric","lucyelectric.com","lucy-electric"
"Polar Semiconductor","polarsemi.com","polar-semiconductor"
"King Yuan Electronics (KYEC)","kyec.com.tw","king-yuan-electronics-kyec"
"Hyundai Mobis","mobis.com","hyundai-mobis"
"LS Cable & System","lscns.co.kr","ls-cable-system"
"Graham Corp","https://grahamcorp.com","graham-corp"
"RITZ Instrument Transformers","rfritz.de","ritz-instrument-transformers"
"Infineon Technologies","infineon.com","infineon-technologies"
"Besi (BE Semiconductor)","besi.com","besi-be-semiconductor"
"ASMPT","asm.com","asmpt"
"BWXT Nuclear Fuel Services","https://bwxt.com","bwxt-nuclear-fuel-services"
"Survalent Technology","survalent.com","survalent-technology"
"AAVantgarde Bio","https://aavantgarde.com","aavantgarde-bio"
"UMC","umc.com","umc"
"DISCO Corporation","disco.co.jp","disco-corporation"
"Sarepta Therapeutics","https://sarepta.com","sarepta-therapeutics"
"SPTS Technologies (KLA)","spts.com","spts-technologies-kla"
"Analog Devices","analog.com","analog-devices"
"Tower Semiconductor","towersemi.com","tower-semiconductor"
"Hyosung HICO","hyosungheavyindustries.com","hyosung-hico"
"Paragraf","paragraf.com","paragraf"
"Clas-SiC Wafer Fab","clas-sic.com","clas-sic-wafer-fab"
"Inventec","https://inventec.com","inventec"
"JinkoSolar","jinkosolar.com","jinkosolar"
"Aixtron","aixtron.com","aixtron"
"American Resources","https://honda.com","american-resources"
"Lattice Semiconductor","latticesemi.com","lattice-semiconductor"
"StressCrete Group","scgrp.com","stresscrete-group"
"EnerVenue","https://enervenue.com/","enervenue"
"L3Harris","https://www.l3harris.com/","l3harris"
"Stem Inc","stem.com","stem-inc"
"NeoVolta","https://neovolta.com/","neovolta"
"Rapidus","rapidus.inc","rapidus"
"Tokyo Ohka Kogyo (TOK)","tok.co.jp","tokyo-ohka-kogyo-tok"
"Wonik IPS","ips.co.kr","wonik-ips"
"Urban Mining Company","urbanminingcompany.com","urban-mining-company"
"Novartis","https://novartis.com","novartis"
"ASML","asml.com","asml"
"Mitsubishi Electric Power Products","pwps.com","mitsubishi-electric-power-products"
"ESMC (TSMC/Bosch/Infineon/NXP)","esmc.eu","esmc-tsmc-bosch-infineon-nxp"
"Generac Power Systems","generac.com","generac-power-systems"
"MTU Aero Engines","https://mtu.de","mtu-aero-engines"
"Advantest","advantest.com","advantest"
"Solar Turbines","solarturbines.com","solar-turbines"
"Hai Robotics","hairobotics.com","hai-robotics"
"Corintis","corintis.com","corintis"
"GomSpace","https://gomspace.com","gomspace"
"RobCo","https://www.robco.de/","robco"
"SK Siltron","sksiltron.com","sk-siltron"
"Cohu","cohu.com","cohu"
"Space Forge","https://spaceforge.com","space-forge"
"Ultramet","https://ultramet.com/","ultramet"
"USA Rare Earth","https://www.usare.com/","usa-rare-earth"
"CMC Materials (Entegris)","cmcmaterials.com","cmc-materials-entegris"
"FormFactor","formfactor.com","formfactor"
"Salcomp","https://salcomp.com","salcomp"
"Ace Aeronautics","https://aceaero.com","ace-aeronautics"
"American Resources / ReElement","https://www.americanresourcescorp.com/","american-resources-reelement"
"Samsung Foundry","samsung.com/semiconductor","samsung-foundry"
"Vecna Robotics","vecnarobotics.com","vecna-robotics"
"CPT America","https://cptgroup.com","cpt-america"
"Georgia Pacific/Alabama River Cellulose","https://gp.com","georgia-pacific-alabama-river-cellulose"
"Array Labs","arraylabs.com","array-labs"
"Aerospacelab","https://aerospacelab.be","aerospacelab"
"Texas Instruments","https://ti.com","texas-instruments"
"K2 Space","k2space.com","k2-space"
"Satrec Initiative","https://satreci.com","satrec-initiative"
"Lynas Rare Earths","https://lynasrareearths.com/","lynas-rare-earths"
"Corning Optical Communications","https://corning.com","corning-optical-communications"
"Canopy Aerospace","https://www.canopyaerospace.com/","canopy-aerospace"
"REEtec","https://reetec.no/","reetec"
"Yaskawa America, Inc","https://www.yaskawa.com/","yaskawa-america-inc"
"Evonik","https://evonik.com","evonik"
"Olsun Electrics","olsun.com","olsun-electrics"
"Eos Energy","https://www.eose.com/","eos-energy"
"Orbital Assembly","https://orbitalassembly.com","orbital-assembly"
"Preformed Line Products","plp.com","preformed-line-products"
"Park Aerospace","https://parkaerospace.com/","park-aerospace"
"SSAB","https://ssab.com","ssab"
"Honeywell Intelligrated","https://honeywell.com","honeywell-intelligrated"
"ABB","https://abb.com","abb"
"VAT Group","vatgroup.com","vat-group"
"Haynes International","https://haynesintl.com/","haynes-international"
"Sims Bark Florala","https://simsbark.com","sims-bark-florala"
"Omaha Track Attalla","https://omahatrack.com","omaha-track-attalla"
"Kimberly-Clark","https://kimberly-clark.com","kimberly-clark"
"Schneider Electric","se.com","schneider-electric"
"Jasper Lumber","https://jasperlumber.com","jasper-lumber"
"Virginia Transformer Corp","https://vatransformer.com","virginia-transformer-corp"
"Owens Corning","https://owenscorning.com","owens-corning"
"Altex Packaging Inc. Anniston","https://altexpackaging.com","altex-packaging-inc-anniston"
"Hyosung Heavy Industries","hyosungheavyindustries.com","hyosung-heavy-industries"
"Kronospan","https://kronospan.com","kronospan"
"Tree Brand Packaging Ranburne","https://treebrand.com","tree-brand-packaging-ranburne"
"Constellium","https://constellium.com","constellium"
"Maddox Industrial Transformer","maddox.com","maddox-industrial-transformer"
"Rusken Packaging Cullman","https://rusken.com","rusken-packaging-cullman"
"Tavrida Electric","tavrida.com","tavrida-electric"
"SMD Steel Rainbow City","https://smdsteel.com","smd-steel-rainbow-city"
"Ormazabal","ormazabal.com","ormazabal"
"Hubbell","hubbell.com","hubbell"
"Miele Manufacturing Inc. Opelika","https://miele.com","miele-manufacturing-inc-opelika"
"Valmont Industries","valmontutility.com","valmont-industries"
"Eli Lilly","https://lilly.com","eli-lilly"
"TSA LLC Tuskegee","https://tsallc.com","tsa-llc-tuskegee"
"NGK-Locke","ngk-locke.com","ngk-locke"
"Siren Biotechnology","https://sirenbiotechnology.com","siren-biotechnology"
"CPT America LLC Tuskegee","https://cptgroup.com","cpt-america-llc-tuskegee"
"Parsons Corporation","https://parsons.com","parsons-corporation"
"PPC Insulators","ppcinsulators.com","ppc-insulators"
"Victor Insulators","victorinsulators.com","victor-insulators"
"International Paper","https://internationalpaper.com","international-paper"
"Cargill Guntersville","https://cargill.com","cargill-guntersville"
"PrismFlex Guntersville","https://prismflex.com","prismflex-guntersville"
"Itron","itron.com","itron"
"SES Inc.","https://ses.com","ses-inc"
"Tex Tech Industries","https://textechindustries.com/","tex-tech-industries"
"Derichebourg","https://derichebourg.com","derichebourg"
"Prism Systems","https://prismsystems.com","prism-systems"
"Nexans","nexans.com","nexans"
"Trina Solar (T1 Energy)","trinasolar.com","trina-solar-t1-energy"
"The Distribution Point LLC Moody","https://lubrizol.com","the-distribution-point-llc-moody"
"2seventy bio (BMS)","https://2seventybio.com","2seventy-bio-bms"
"Applied Optoelectronics","https://appliedionsystems.com","applied-optoelectronics"
"Foxconn","https://foxconn.com","foxconn"
"UTAC","utacgroup.com","utac"
"Canadian Solar","canadiansolar.com","canadian-solar"
"Nikola","nikolamotor.com","nikola"
"Cima Solutions LLC Phenix City","https://cimasolutions.com","cima-solutions-llc-phenix-city"
"Lightsource BP","https://lightsourcebp.com","lightsource-bp"
"NovaTech Automation","novatechautomation.com","novatech-automation"
"Specification Rubber Pelham","https://specrubber.com","specification-rubber-pelham"
"Mercedes-Benz USA LLC Vance","https://mercedes-benz.com","mercedes-benz-usa-llc-vance"
"Maxeon Solar","maxeon.com","maxeon-solar"
"John Cockerill","johncockerill.com","john-cockerill"
"Southern Ionics Incorporated","https://southernionics.com","southern-ionics-incorporated"
"Tosyali International Ltd.","https://tosyali.com.tr","tosyali-international-ltd"
"Tate Inc","https://tateinc.com","tate-inc"
"Valicor Environmental Services Adamsville","https://valicor.com","valicor-environmental-services-adamsville"
"The Shaw Group","https://jmsmucker.com","the-shaw-group"
"Arteche","arteche.com","arteche"
"Daikin America","https://daikin.com","daikin-america"
"Titomic USA Inc. Huntsville Limestone","https://titomic.com","titomic-usa-inc-huntsville-limestone"
"Microsoft","https://microsoft.com","microsoft"
"Micron","micron.com","micron"
"APM Terminals","https://apmterminals.com","apm-terminals"
"Rolls-Royce MTU","mtu-solutions.com","rolls-royce-mtu"
"Derichebourg Mobile","https://derichebourg.com","derichebourg-mobile"
"Radiant Industries","radiantnuclear.com","radiant-industries"
"SES Inc. Huntsville Madison","https://ses.com","ses-inc-huntsville-madison"
"SEA Wire & Cable Madison","https://sea-wire.com","sea-wire-cable-madison"
"Eternity Technologies","https://eternitytechnologies.com","eternity-technologies"
"DSV","https://dsv.com","dsv"
"Brewer Science","https://brewerscience.com","brewer-science"
"Kestra Holdings","https://kestraholdings.com","kestra-holdings"
"Quantum Computing Inc","https://quantumcomputinginc.com","quantum-computing-inc"
"KettenWulf","https://kettenwulf.com","kettenwulf"
"Cognite","https://cognite.com","cognite"
"Bloom Energy","bloomenergy.com","bloom-energy"
"Lilium","lilium.com","lilium"
"Red Cedar Steel","https://redcedarsteel.com","red-cedar-steel"
"Ohmium","ohmium.com","ohmium"
"Supernal","supernal.aero","supernal"
"Hyundai Steel","https://hyundai.com","hyundai-steel"
"GKN Aerospace","https://gknaerospace.com","gkn-aerospace"
"Williams International","https://williams-int.com","williams-international"
"Briggs & Stratton","https://briggsandstratton.com","briggs-stratton"
"Rivian","https://rivian.com","rivian"
"Socomec","https://socomec.com","socomec"
"HydrogenPro","hydrogenpro.com","hydrogenpro"
"stow Group","https://stow-group.com","stow-group"
"Anovion Technologies","https://anoviontech.com","anovion-technologies"
"Jack Links","https://jacklinks.com","jack-links"
"Savencia Cheese USA","https://savencia.com","savencia-cheese-usa"
"Baker Hughes Turbines","bakerhughes.com","baker-hughes-turbines"
"Rohm Semiconductor","rohm.com","rohm-semiconductor"
"Amber Bio","https://amber.bio","amber-bio"
"Tangent","https://tangent.com","tangent"
"Pratt & Whitney Power Systems","pwps.com","pratt-whitney-power-systems"
"AssetCool","assetcool.com","assetcool"
"Physical Intelligence","physicalintelligence.company","physical-intelligence"
"Agility Robotics","https://www.agilityrobotics.com/","agility-robotics"
"Holtec International","holtecinternational.com","holtec-international"
"Amazon","https://amazon.com","amazon"
"Boston Dynamics","https://bostondynamics.com/","boston-dynamics"
"The DeLong Company, Inc.","https://caldwellinc.com","the-delong-company-inc"
"Machina Labs","https://machinalabs.ai/","machina-labs"
"Photronics","photronics.com","photronics"
"Purespring Therapeutics","https://purespringtx.com","purespring-therapeutics"
"TMC Transformers","https://tmctransformers.com","tmc-transformers"
"GE Hitachi Nuclear Energy","gevernova.com/nuclear","ge-hitachi-nuclear-energy"
"Siltronic","siltronic.com","siltronic"
"Kimball Electronics","https://kimballelectronics.com","kimball-electronics"
"Instil Bio","https://instilbio.com","instil-bio"
"Flock Safety","https://flocksafety.com","flock-safety"
"Kraft Heinz","https://kraftheinzcompany.com","kraft-heinz"
"Teradyne Robotics","https://www.universal-robots.com/","teradyne-robotics"
"Caterpillar","https://caterpillar.com","caterpillar"
"Cellectis","https://cellectis.com","cellectis"
"Walmart","https://walmart.com","walmart"
"AMG Vanadium","https://amg-v.com","amg-vanadium"
"PureCycle Technologies","https://purecycle.com","purecycle-technologies"
"Gecko Robotics","geckorobotics.com","gecko-robotics"
"Path Robotics","path-robotics.com","path-robotics"
"Electro Freeze (H.C. Duke)","https://electrofreeze.com","electro-freeze-h-c-duke"
"TPI Composites","https://tpicomposites.com","tpi-composites"
"LMT Defense","https://lmtdefense.com","lmt-defense"
"Soitec","soitec.com","soitec"
"Realtime Robotics","realtimerobotics.com","realtime-robotics"
"FANUC America","fanuc.com","fanuc-america"
"Newcleo","newcleo.com","newcleo"
"ASE Technology","aseglobal.com","ase-technology"
"Applied Ion Systems","https://appliedionsystems.com","applied-ion-systems"
"Critical Materials Recycling","https://criticalmaterialsrecycling.com","critical-materials-recycling"
"Yaskawa America","https://www.yaskawa.com/","yaskawa-america"
"Spark Therapeutics (Roche)","https://sparktx.com","spark-therapeutics-roche"
"Shield AI","shield.ai","shield-ai"
"Dexter Laundry","https://dexter.com","dexter-laundry"
"Tate Inc./Kingspan","https://tateinc.com","tate-inc-kingspan"
"ElementUSA","https://elementusa.com","elementusa"
"Symbotic","https://www.symbotic.com/","symbotic"
"KUKA","https://www.kuka.com/","kuka"
"Rockwell Automation","https://www.rockwellautomation.com/","rockwell-automation"
"Nextracker","nextracker.com","nextracker"
"Canvas","canvas.build","canvas"
"Serve Robotics","https://www.serverobotics.com/","serve-robotics"
"Rocket Pharmaceuticals","https://rocketpharma.com","rocket-pharmaceuticals"
"Ambi Robotics","ambirobotics.com","ambi-robotics"
"Covariant","covariant.ai","covariant"
"ChipMOS","chipmos.com","chipmos"
"Plastipak Packaging","https://plastipak.com","plastipak-packaging"
"Toggle","togglerobotics.com","toggle"
"TransMedics","https://transmedics.com","transmedics"
"Samsung Electronics","https://samsung.com","samsung-electronics"
"Toray Engineering","toray-eng.com","toray-engineering"
"ArcelorMittal","https://arcelormittal.com","arcelormittal"
"Verdant Robotics","verdantrobotics.com","verdant-robotics"
"Qualcomm","qualcomm.com","qualcomm"
"ARM Holdings","arm.com","arm-holdings"
"Tenaya Therapeutics","https://tenayatherapeutics.com","tenaya-therapeutics"
"Patton/PTI","https://pattonelectronics.com","patton-pti"
"Collaborative Robotics","cobot.co","collaborative-robotics"
"Volkswagen","https://volkswagen.com","volkswagen"
"Doosan Robotics","doosanrobotics.com","doosan-robotics"
"Rainbow Robotics","rainbow-robotics.com","rainbow-robotics"
"FANUC","fanuc.com","fanuc"
"Utilidata","https://utilidata.com","utilidata"
"MOTIV Bowling","https://motivbowling.com","motiv-bowling"
"Forgent Power Solutions","https://forgentpower.com","forgent-power-solutions"
"Sofidel","https://sofidel.com","sofidel"
"Delta Electronics","deltaww.com","delta-electronics"
"Encoded Therapeutics","https://encoded.com","encoded-therapeutics"
"Oerlikon","https://oerlikon.com","oerlikon"
"Delkor","https://delkorsystems.com","delkor"
"Entergy Mississippi","https://entergy.com","entergy-mississippi"
"Scott Technology","scottautomation.com","scott-technology"
"Ford Energy","https://www.ford.com/","ford-energy"
"Endurosat","https://endurosat.com","endurosat"
"Sungrow","https://www.sungrow.com/","sungrow"
"CATL","https://www.catl.com/","catl"
"Ilika","ilika.com","ilika"
"Moderna","https://modernatx.com","moderna"
"Krystal Biotech","https://krystalbio.com","krystal-biotech"
"Zenobe","zenobe.com","zenobe"
"Hitchiner","https://hitchiner.com","hitchiner"
"JetZero","https://jetzero.aero","jetzero"
"Reju","https://reju.com","reju"
"Mitra Chem","mitrachem.com","mitra-chem"
"Scout Motors","https://scoutmotors.com","scout-motors"
"Celltrion","https://celltrion.com","celltrion"
"Aspida Financial","https://aspidafinancial.com","aspida-financial"
"Hermeus","https://www.hermeus.com/","hermeus"
"Venus Aerospace","https://www.venusaero.com/","venus-aerospace"
"Battelle Memorial Institute","https://www.battelle.org/","battelle-memorial-institute"
"C-CAT","https://www.c-cat.net/","c-cat"
"BorgWarner","https://borgwarner.com","borgwarner"
"Apollo Fusion (Astra)","https://apollo-fusion.com","apollo-fusion-astra"
"Louis Dreyfus Company","https://ldc.com","louis-dreyfus-company"
"PDF Solutions","pdf.com","pdf-solutions"
"Broadcom","broadcom.com","broadcom"
"Great Day Improvements","https://greatdayimprovements.com","great-day-improvements"
"New Horizon Cuisine","https://newhorizonsbaking.com","new-horizon-cuisine"
"Medpace","https://medpace.com","medpace"
"Draper Laboratory","https://www.draper.com/","draper-laboratory"
"General Atomics EMS","https://www.ga.com/","general-atomics-ems"
"Firehawk Aerospace","https://firehawkaerospace.com/","firehawk-aerospace"
"Crocs","https://crocs.com","crocs"
"EGLO USA","https://eglo.com","eglo-usa"
"Riverain Technologies","https://riveraintech.com","riverain-technologies"
"Poly6 Technologies","https://poly6.com","poly6-technologies"
"Salvagnini America","https://salvagninigroup.com","salvagnini-america"
"Hims & Hers","https://forhims.com","hims-hers"
"RUPES USA","https://rupes.com","rupes-usa"
"ACP Composites","https://acpcomposites.com/","acp-composites"
"Upstart","https://upstart.com","upstart"
"Illuminate USA (LONGi)","illuminateusa.solar","illuminate-usa-longi"
"Ohio Lumex","https://ohiolumex.com","ohio-lumex"
"Imasen Bucyrus Technology","https://imasen.co.jp","imasen-bucyrus-technology"
"Meyer Burger","meyerburger.com","meyer-burger"
"LayerZero Power Systems","https://layerzero.com","layerzero-power-systems"
"Gotion","https://www.gotion.com/","gotion"
"REC Group","recgroup.com","rec-group"
"ES Foundry","esfoundry.com","es-foundry"
"Nel ASA","nelhydrogen.com","nel-asa"
"IronRidge","ironridge.com","ironridge"
"Diageo","https://diageo.com","diageo"
"Cummins Accelera","accelerazero.com","cummins-accelera"
"MediaTek","mediatek.com","mediatek"
"Westinghouse Electric","westinghousenuclear.com","westinghouse-electric"
"Vallourec","https://vallourec.com","vallourec"
"BYD Energy Storage","https://www.byd.com/","byd-energy-storage"
"Axium Packaging","https://axiumpackaging.com","axium-packaging"
"Rolls-Royce SMR","rolls-royce-smr.com","rolls-royce-smr"
"Prism Systems Mobile","https://prismsystems.com","prism-systems-mobile"
"Ultra Safe Nuclear","usnc.com","ultra-safe-nuclear"
"Abeona Therapeutics","https://abeonatherapeutics.com","abeona-therapeutics"
"Neurogene","https://neurogene.com","neurogene"
"Solid Biosciences","https://solidbio.com","solid-biosciences"
"Ascent Aviation Services","https://ascentmro.com","ascent-aviation-services"
"Capsida Biotherapeutics","https://capsida.com","capsida-biotherapeutics"
"Epic Piping","https://epicpiping.com","epic-piping"
"Roche","https://roche.com","roche"
"SynQor","https://synqor.com","synqor"
"FreeFlyer (AI Solutions)","https://ai-solutions.com","freeflyer-ai-solutions"
"Syngene International","https://syngeneintl.com","syngene-international"
"Missouri Technology Corp","https://missouritechnology.com","missouri-technology-corp"
"Tune Therapeutics","https://tunetx.com","tune-therapeutics"
"AskBio (Bayer)","https://askbio.com","askbio-bayer"
"Forge Biologics","https://forgebiologics.com","forge-biologics"
"NSG Group/Pilkington","https://nsg.com","nsg-group-pilkington"
"Apertura Gene Therapy","https://aperturagtx.com","apertura-gene-therapy"
"Chatsworth Products","https://chatsworth.com","chatsworth-products"
"Westrafo America","https://westrafo.com","westrafo-america"
"Viralgen","https://viralgen.com","viralgen"
"Caribou Biosciences","https://cariboubio.com","caribou-biosciences"
"Aerospace Lubricants","https://aerospacelubricants.com","aerospace-lubricants"
"Citigroup Technology","https://citigroup.com","citigroup-technology"
"LEWCO/LogistiQ","https://lewcoinc.com","lewco-logistiq"
"Poseida Therapeutics (Roche)","https://poseida.com","poseida-therapeutics-roche"
"IQE","iqep.com","iqe"
"Johnson & Johnson","https://jm.com","johnson-johnson"
"Samsung SDI America","https://www.samsungsdi.com/","samsung-sdi-america"
"Peak Energy","https://www.peakenergy.com/","peak-energy"
"Meta","https://meta.com","meta"
"LG Energy Solution Michigan","https://www.lgenergymi.com/","lg-energy-solution-michigan"
"Powin","https://powin.com/","powin"
"NextEra Energy Resources","https://www.nexteraenergyresources.com/","nextera-energy-resources"
"Eaton","eaton.com","eaton"
"KoMiCo","https://komico.com","komico"
"Zhuque Aerospace (Landspace)","https://landspace.com","zhuque-aerospace-landspace"
"Tridelta Meidensha","tridelta-meidensha.de","tridelta-meidensha"
"RESRG Automotive Cullman","https://resrgautomotive.com","resrg-automotive-cullman"
"Synthetaic","https://synthetaic.com","synthetaic"
"Arcosa","arcosa.com","arcosa"
"Encore Wire","encorewire.com","encore-wire"
"Ford Motor Company","https://ford.com","ford-motor-company"
"Sediver","sediver.com","sediver"
"Prysmian Group","prysmian.com","prysmian-group"
"WESCO International","wesco.com","wesco-international"
"Wellborn Cabinet","https://wellborn.com","wellborn-cabinet"
"Trench Group","trench-group.com","trench-group"
"ISISPACE","https://isispace.nl","isispace"
"Sila Nanotechnologies","silanano.com","sila-nanotechnologies"
"Ace Aeronautics LLC Guntersville","https://aceaero.com","ace-aeronautics-llc-guntersville"
"Microchip Technology Inc.","https://microchip.com","microchip-technology-inc"
"Alfa Insurance","https://alfainsurance.com","alfa-insurance"
"ERMCO","ermco-eci.com","ermco"
"INNIO Group","innio.com","innio-group"
"Landis+Gyr","landisgyr.com","landis-gyr"
"Formic","formic.co","formic"
"Hammond Power Solutions","hammondpowersolutions.com","hammond-power-solutions"
"Cummins Power Generation","cummins.com","cummins-power-generation"
"Apptronik","https://apptronik.com","apptronik"
"LAPP Insulators","lappinsulators.com","lapp-insulators"
"Mitsubishi Power","power.mhi.com","mitsubishi-power"
"Advanced Navigation","https://www.advancednavigation.com/","advanced-navigation"
"Trystar","trystar.com","trystar"
"Mayo Clinic","https://mayoclinic.org","mayo-clinic"
"Crown Equipment","https://crown.com","crown-equipment"
"Stella-Jones","stella-jones.com","stella-jones"
"Wieland Group","https://wieland.com","wieland-group"
"GreyOrange","greyorange.com","greyorange"
"Samsung SDI","samsungsdi.com","samsung-sdi"
"HIMOINSA","himoinsa.com","himoinsa"
"Neura Robotics","https://neura-robotics.com/","neura-robotics"
"Boston Materials","https://bostonmaterials.co/","boston-materials"
"Sanctuary AI","sanctuary.ai","sanctuary-ai"
"Carbon Robotics","carbonrobotics.com","carbon-robotics"
"Bridor","https://bridor.com","bridor"
"Ascend Elements","ascendelements.com","ascend-elements"
"HIWIN","hiwin.tw","hiwin"
"Pennsylvania Transformer Technology","https://patransformer.com","pennsylvania-transformer-technology"
"Verkor","verkor.com","verkor"
"Toray Composite Materials","https://www.toraycma.com/","toray-composite-materials"
"Centrus/Fluor","https://centrusenergy.com","centrus-fluor"
"Cambium","https://cambium-usa.com/","cambium"
"Thyssenkrupp Nucera","thyssenkrupp-nucera.com","thyssenkrupp-nucera"
"FuelCell Energy","fuelcellenergy.com","fuelcell-energy"
"The Aerospace Corporation","https://jmsmucker.com","the-aerospace-corporation"
"HyperSciences","https://hypersciences.com/","hypersciences"
"NuScale Power","nuscalepower.com","nuscale-power"
"GameChange Solar","gamechangesolar.com","gamechange-solar"
"Unirac","unirac.com","unirac"
"Convalt Energy","convalt.com","convalt-energy"
"Pharmavite","https://pharmavite.com","pharmavite"
"Oklo","oklo.com","oklo"
"Last Energy","lastenergy.com","last-energy"
"Advanced Composites Inc","https://www.advancedcomposites.com/","advanced-composites-inc"
"Eve Air Mobility","https://eveairmobility.com","eve-air-mobility"
"Stryten Energy","https://www.stryten.com/","stryten-energy"
"Wisk Aero","wisk.aero","wisk-aero"
"Vertical Aerospace","vertical-aerospace.com","vertical-aerospace"
"Volocopter","volocopter.com","volocopter"
"Textron eAviation","txtav.com","textron-eaviation"
"S&C Electric","sandc.com","s-c-electric"
"ABB Robotics","https://new.abb.com/","abb-robotics"
"Wolfspeed","wolfspeed.com","wolfspeed"
"Ibiden","ibiden.co.jp","ibiden"
"SPX Transformer Solutions","spxtransformersolutions.com","spx-transformer-solutions"
"Coherent Corp","coherent.com","coherent-corp"
"Modine Manufacturing","https://modine.com","modine-manufacturing"
"Soulbrain","soulbrain.co.kr","soulbrain"
"Wärtsilä Energy","wartsila.com","w-rtsil-energy"
"Electric Hydrogen","eh2.com","electric-hydrogen"
"Noveon Magnetics","https://noveon.co/","noveon-magnetics"
"Perkins Engines","perkins.com","perkins-engines"
"Enphase Energy","https://enphase.com/","enphase-energy"
"Centrus Energy","centrusenergy.com","centrus-energy"
"Unimicron","unimicron.com","unimicron"
"X-Bow Systems","https://www.xbowsystems.com/","x-bow-systems"
"Suniva","suniva.com","suniva"
"Ajinomoto","https://ajinusa.com","ajinomoto"
"Beta Technologies","beta.team","beta-technologies"
"ESMC (TSMC/Bosch/Infineon/NXP)","esmc.eu","esmc-tsmcboschinfineonnxp"
"Eli Lilly and Company","https://lilly.com","eli-lilly-and-company"
"BWX Technologies","bwxt.com","bwx-technologies"
"Replimune","https://replimune.com","replimune"
"Hitachi Energy","hitachienergy.com","hitachi-energy"
"Kairos Power","kairospower.com","kairos-power"
"TSMC","https://tsmc.com","tsmc"
"Intel","https://intel.com","intel"
"Applied Materials","appliedmaterials.com","applied-materials"
"AGC Inc","agc.com","agc-inc"
"Immatics","https://immatics.com","immatics"
"Genentech","https://sparktx.com","genentech"
"Hypersonix Launch Systems","https://www.hypersonix.com","hypersonix-launch-systems"
"Ballard Power","ballard.com","ballard-power"
"Boeing","https://www.boeing.com/","boeing"
"Axcelis Technologies","axcelis.com","axcelis-technologies"
"Coherent (II-VI)","https://coherent.com","coherent-ii-vi"
"GlobalFoundries","https://gf.com","globalfoundries"
"Enel North America","enelnorthamerica.com","enel-north-america"
"First Solar","firstsolar.com","first-solar"
"GE Vernova","gevernova.com","ge-vernova"
"Ultragenyx","https://ultragenyx.com","ultragenyx"
"Sangamo Therapeutics","https://sangamo.com","sangamo-therapeutics"
"Echodyne","https://echodyne.com","echodyne"
"Ucore Rare Metals","https://ucore.com/","ucore-rare-metals"
"Coherent","coherent.com","coherent"
"Apple","https://apple.com","apple"
"Hadrian","https://hadrian.co","hadrian"
"Nauticus Robotics","nauticusrobotics.com","nauticus-robotics"
"Nuro","nuro.ai","nuro"
"Blue Pony Energy","blueponyenergy.com","blue-pony-energy"
"Onto Innovation","ontoinnovation.com","onto-innovation"
"Plug Power","plugpower.com","plug-power"
"Mkango Resources","https://mkango.ca/","mkango-resources"
"FuriosaAI","furiosa.ai","furiosaai"
"Southwire","southwire.com","southwire"
"PharmaEssentia","pharmaessentia.com","pharmaessentia"
"Lam Research","lamresearch.com","lam-research"
"TerraPower","terrapower.com","terrapower"
"ARC Clean Technology","arccleantech.com","arc-clean-technology"
"ITM Power","itm-power.com","itm-power"
"Monolithic Power Systems","monolithicpower.com","monolithic-power-systems"
"Verdagy","verdagy.com","verdagy"
"Homology Medicines","https://homologymedicines.com","homology-medicines"
"Enel 3Sun","3sun.com","enel-3sun"
"SolarEdge Technologies","solaredge.com","solaredge-technologies"
"Cabaletta Bio","cabalettabio.com","cabaletta-bio"
"Lyten","lyten.com","lyten"
"Boom Supersonic","boomsupersonic.com","boom-supersonic"
"Graybar Electric","graybar.com","graybar-electric"
"Hitachi High-Tech","hitachi-hightech.com","hitachi-high-tech"
"Nova Ltd","novami.com","nova-ltd"
"TMEIC","tmeic.com","tmeic"
"Diodes Incorporated","diodes.com","diodes-incorporated"
"Melexis","melexis.com","melexis"
"ICEYE","https://iceye.com","iceye"
"Dexory","dexory.com","dexory"
"Niron Magnetics","https://www.nironmagnetics.com/","niron-magnetics"
"SEL (Schweitzer Engineering)","selinc.com","sel-schweitzer-engineering"
"Fluence Energy","https://fluenceenergy.com/","fluence-energy"
"Hexcel Corporation","https://hexcel.com/","hexcel-corporation"
"Beyond Gravity","https://beyondgravity.com","beyond-gravity"
"ClearSpace","https://clearspace.today","clearspace"
"OSI (Open Systems International)","osii.com","osi-open-systems-international"
"Blue Star Power Systems","bluestarps.com","blue-star-power-systems"
"Vulcan Elements","https://vulcanelements.com/","vulcan-elements"
"Mujin","mujin-corp.com","mujin"
"Locus Robotics","https://locusrobotics.com/","locus-robotics"
"Osaro","osaro.com","osaro"
"Sabre Industries","sabreindustries.com","sabre-industries"
"Lexeo Therapeutics","https://lexeotx.com","lexeo-therapeutics"
"Figure AI","https://www.figure.ai/","figure-ai"
"Galbot","galbot.com","galbot"
"Plus One Robotics","plusonerobotics.com","plus-one-robotics"
"Prolec GE","prolec.energy","prolec-ge"
"Resilient Structures","resilientstructures.com","resilient-structures"
"Koppers","koppers.com","koppers"
"Energy Fuels","https://www.energyfuels.com/","energy-fuels"
"Caterpillar Electric Power","cat.com","caterpillar-electric-power"
"GE Vernova Gas Power","gevernova.com","ge-vernova-gas-power"
"Special Metals","https://www.specialmetals.com/","special-metals"
"AutoStore","autostoresystem.com","autostore"
"Cyclic Materials","https://cyclicmaterials.earth/","cyclic-materials"
"Kawasaki Gas Turbines","kawasaki.com","kawasaki-gas-turbines"
"Exotec","exotec.com","exotec"
"Geek+","geekplus.com","geek"
"A123 Systems","https://a123systems.com","a123-systems"
"Seegrid","seegrid.com","seegrid"
"Orchard Robotics","orchardrobotics.ai","orchard-robotics"
"Solid Power","solidpowerbattery.com","solid-power"
"ESS Inc.","https://essinc.com/","ess-inc"
"RightHand Robotics","righthandrobotics.com","righthand-robotics"
"Modus Advanced","https://www.modusadvanced.com/","modus-advanced"
"Hera Technologies","https://www.heratechnologies.com/","hera-technologies"
"Thales","https://www.thalesgroup.com/","thales"
"Lockheed Martin","https://www.lockheedmartin.com/","lockheed-martin"
"Concept Group LLC","https://conceptgroupllc.com/","concept-group-llc"
"Gotion High-Tech","gotion.com","gotion-high-tech"
"Energy Vault","energyvault.com","energy-vault"
"Dynetics","https://www.leidos.com/","dynetics"
"Polaris Sensor Technologies","https://www.polarissensor.com/","polaris-sensor-technologies"
"Stratolaunch","https://www.stratolaunch.com/","stratolaunch"
"GE Aerospace","https://geaerospace.com","ge-aerospace"
"Atomic-6","https://www.atomic-6.com/","atomic-6"
"Balyo","balyo.com","balyo"
"LG Energy Solution","lgensol.com","lg-energy-solution"
"QuantumScape","quantumscape.com","quantumscape"
"Enovix","enovix.com","enovix"
"Amprius Technologies","amprius.com","amprius-technologies"
"Kratos Defense","https://www.kratosdefense.com/","kratos-defense"
"GuideNav","https://guidenav.com/","guidenav"
"Orbital Composites","https://www.orbitalcomposites.com/","orbital-composites"
"Mentis Sciences","https://www.mentissciences.com/","mentis-sciences"
"General Dynamics","https://gm.com","general-dynamics"
"Berkshire Grey","https://www.berkshiregrey.com/","berkshire-grey"
"Built Robotics","builtrobotics.com","built-robotics"
"Iron Ox","ironox.com","iron-ox"
"HD Hyundai Robotics","hyundai-robotics.com","hd-hyundai-robotics"
"Panasonic Energy","na.panasonic.com/us/energy","panasonic-energy"
"Castelion","https://www.castelion.com/","castelion"
"Spirit AeroSystems","https://www.spiritaero.com/","spirit-aerosystems"
"KLA","spts.com","kla"
"Kawasaki Robotics","kawasakirobotics.com","kawasaki-robotics"
"Honeywell Aerospace","https://aerospace.honeywell.com/","honeywell-aerospace"
"TE Connectivity","https://www.te.com/","te-connectivity"
"Shin-Etsu Chemical","shinetsu.com","shin-etsu-chemical"
"BYD","byd.com","byd"
"HAMR Industries","https://www.hamrindustries.com/","hamr-industries"
"6 River Systems (Ocado)","6river.com","6-river-systems-ocado"
"Chang Robotics","changrobotics.com","chang-robotics"
"FarmWise","farmwise.io","farmwise"
"Bone AI","bone.ai","bone-ai"
"Microvast","microvast.com","microvast"
"Northvolt","northvolt.com","northvolt"
"Oceaneering","https://www.oceaneering.com/","oceaneering"
"Albany Engineered Composites","https://www.albint.com/","albany-engineered-composites"
"Axiom Materials","https://axiommaterials.com/","axiom-materials"
"BAE Systems","https://www.baesystems.com/","bae-systems"
"Raytheon","https://www.rtx.com/","raytheon"
"Kinsus Interconnect","kinsus.com.tw","kinsus-interconnect"
"Plasma-Therm","plasmatherm.com","plasma-therm"
"SUSS MicroTec","suss.com","suss-microtec"
"Atlant 3D","atlant3d.com","atlant-3d"
"X-FAB","xfab.com","x-fab"
"Hanwha Qcells","https://www.hanwhaaerospace.com","hanwha-qcells"
"Heliene","heliene.com","heliene"
"Passage Bio","https://passagebio.com","passage-bio"
"Hanmi Semiconductor","hanmisemi.com","hanmi-semiconductor"
"Renesas Electronics","renesas.com","renesas-electronics"
"Hoya","hoya.com","hoya"
"ams-OSRAM","ams-osram.com","ams-osram"
"Vinci","getvinci.ai","vinci"
"LONGi Green Energy","longi.com","longi-green-energy"
"Silfab Solar","silfabsolar.com","silfab-solar"
"Mission Solar","missionsolar.com","mission-solar"
"ASM International","asm.com","asm-international"
"Lasertec","lasertec.co.jp","lasertec"
"Cirrus Logic","cirrus.com","cirrus-logic"
"Heraeus Electronics","heraeus-electronics.com","heraeus-electronics"
"REGENXBIO","https://regenxbio.com","regenxbio"
"4D Molecular Therapeutics","https://4dmoleculartherapeutics.com","4d-molecular-therapeutics"
"JSR Corporation","jsr.co.jp","jsr-corporation"
"Jaguar Gene Therapy","https://jaguargenetherapy.com","jaguar-gene-therapy"
"Legend Biotech","https://legendbiotech.com","legend-biotech"
"Nordson Electronics","nordson.com","nordson-electronics"
"AMD","amd.com","amd"
"Allogene Therapeutics","https://allogene.com","allogene-therapeutics"
"Fate Therapeutics","https://fatetherapeutics.com","fate-therapeutics"
"Affinia Therapeutics","https://affiniatx.com","affinia-therapeutics"
"Stoke Therapeutics","https://stoketherapeutics.com","stoke-therapeutics"
"Spirovant Sciences","https://spirovant.com","spirovant-sciences"
"EnCharge AI","enchargeai.com","encharge-ai"
"JA Solar","jasolar.com","ja-solar"
"Boviet Solar","bovietsolar.com","boviet-solar"
"Air Products","https://atsginc.com","air-products"
"Capricor Therapeutics","https://capricor.com","capricor-therapeutics"
"Generation Bio","https://generationbio.com","generation-bio"
"Array Technologies","arraytechinc.com","array-technologies"